{"Bl\u00e5": [0.22265625, 0.33984375, 0.45703125], "Oransje": [0.83984375, 0.49609375, 0.0859375], "M\u00f8rk gr\u00e5": [0.44921875, 0.48046875, 0.5078125], "Gr\u00e5": [0.671875, 0.69921875, 0.71875], "Gr\u00f8nn": [0.6484375, 0.69921875, 0.25], "M\u00f8rk r\u00f8d": [0.578125, 0.06640625, 0.0], "Klar bl\u00e5": [0.015625, 0.1953125, 0.99609375], "Turkis": [0.45703125, 0.83203125, 0.99609375]}